timestamp,key,comment
1561644355851,a,session marker
1561644381663,f,+1 thought
1561644420043,f,+1 thought
1561644427680,j,clear mind
1561644464167,f,+1 thought
1561644464782,f,+1 thought
1561644472588,j,clear mind
1561644497048,f,+1 thought
1561644497554,f,+1 thought
1561644498167,f,+1 thought
1561644537471,f,+1 thought
1561644538058,f,+1 thought
1561644539310,f,+1 thought
1561644542870,f,+1 thought
1561644551154,j,clear mind
1561644592585,f,+1 thought
1561644623658,g,hijacked by thought
1561644658120,f,+1 thought
1561644725279,f,+1 thought
1561644821953,f,+1 thought
1561644958766,f,+1 thought
1561644959485,a,session marker
